Job Title,Job Description,Skills,Certifications
Admin Big Data,"Responsible for managing and overseeing big data infrastructure, ensuring data integrity, security, and availability. Requires expertise in Hadoop, Spark, and data warehousing solutions.","Hadoop, Spark, MapReduce, Data Lakes, Data Warehousing, Big Data Architecture, NoSQL, Data Modeling, ETL, Cloud Computing, AWS, Azure, Data Governance, Security","Cloudera Certified Professional (CCP), Hortonworks Certified Associate (HCA), AWS Certified Big Data – Specialty"
Ansible Operations Engineer,"Focuses on automating IT processes using Ansible. Responsibilities include writing playbooks, managing configurations, and ensuring system reliability.","Ansible, Linux, Automation, Cloud Platforms, CI/CD, Infrastructure as Code, Kubernetes, Docker, AWS, Terraform, Python, Scripting, Networking","Red Hat Certified Specialist in Ansible Automation, AWS Certified DevOps Engineer – Professional"
Artifactory Administrator,"Manages the Artifactory repository for build artifacts. Responsibilities include configuring repositories, managing access permissions, and integrating with CI/CD pipelines.","Artifactory, CI/CD, Jenkins, Docker, Maven, Gradle, Build Automation, Version Control, Git, Cloud Computing, Linux, JFrog CLI","JFrog Artifactory Certification, DevOps Institute Certifications"
Artificial intelligence / Machine Learning Engineer,No description available,,
Artificial Intelligence / Machine Learning Leader,"Leads AI/ML projects and teams, defining strategy and overseeing implementation. Requires strong leadership skills and knowledge of AI technologies.","AI Strategy, Machine Learning, Team Management, Project Management, Cloud Computing, Data Science, Deep Learning, Communication, Budgeting, Stakeholder Management","AI-900: Microsoft Azure AI Fundamentals, Certified Artificial Intelligence Practitioner (CAIP)"
Artificial Intelligence / Machine Learning Sr.Leader,"Senior role overseeing multiple AI/ML initiatives. Responsible for strategic planning, team management, and ensuring alignment with business goals.","AI Strategy, Machine Learning, Team Management, Project Management, Cloud Computing, Data Science, Deep Learning, Communication, Budgeting, Stakeholder Management, Innovation, Mentoring","Certified Artificial Intelligence Practitioner (CAIP), AI-900: Microsoft Azure AI Fundamentals"
Artificial intelligence Architect,"Designs AI systems and architecture. Responsible for selecting appropriate technologies, ensuring scalability, and integrating AI solutions into existing systems.","AI Architecture, Machine Learning, Cloud Computing, Data Science, Deep Learning, System Design, AWS, Azure, Scalability, Security, Model Deployment","Google Cloud Professional Machine Learning Engineer, AWS Certified Solutions Architect – Professional"
Artificial Intelligence Researcher,Conducts research in AI to develop new algorithms and models. Publishes findings in scientific journals and collaborates with academic institutions.,"Machine Learning, Deep Learning, Research Methods, Python, TensorFlow, PyTorch, Data Analysis, Statistical Analysis, Algorithm Design, Scientific Writing","Certified Data Scientist (CDS), IEEE Certified Artificial Intelligence Engineer"
Big Data Architect,"Designs big data solutions and architecture. Responsible for data modeling, ETL processes, and ensuring the performance of big data systems.","Hadoop, Spark, Kafka, MapReduce, NoSQL, Data Warehousing, Cloud Computing, AWS, Azure, Data Lakes, Data Modeling, ETL, Data Governance, Security","Cloudera Certified Data Architect, AWS Certified Solutions Architect – Associate"
Big Data Engineer,"Builds and maintains big data pipelines. Responsible for data ingestion, transformation, and storage using technologies like Hadoop and Spark.","Hadoop, Spark, Kafka, SQL, NoSQL, Python, Java, Scala, Data Pipelines, ETL, Data Warehousing, Cloud Computing","Google Cloud Professional Data Engineer, AWS Certified Big Data – Specialty"
Big Data Specialist,Analyzes large datasets to extract insights. Requires knowledge of statistical analysis tools and big data technologies.,"Hadoop, Spark, Data Analysis, Data Visualization, SQL, NoSQL, Data Modeling, ETL, Cloud Computing, Data Mining, Statistical Analysis","Certified Big Data Analytics (CBDA), IBM Certified Data Engineer - Big Data"
Build and Release Engineer,"Manages the build process for software applications. Responsible for automating builds, managing release schedules, and ensuring software quality.","CI/CD, Jenkins, Git, Maven, Gradle, Docker, Kubernetes, Automation, Scripting, Linux, Build Tools","Certified Jenkins Engineer, AWS Certified DevOps Engineer – Professional"
Build Engineer,Focuses on building software applications from source code. Responsibilities include configuring build environments and troubleshooting build issues.,"Maven, Gradle, Ant, Jenkins, CI/CD, Git, Build Automation, Scripting, Linux, Version Control","AWS Certified Developer – Associate, Jenkins Certification"
Chef Operations Engineer,"Utilizes Chef for configuration management. Responsible for writing cookbooks, managing infrastructure as code, and automating deployment processes.","Chef, Ruby, Automation, Configuration Management, Linux, Cloud Computing, AWS, Azure, Infrastructure as Code","Chef Certification, AWS Certified DevOps Engineer – Professional"
Data Analysts,"Analyzes datasets to provide actionable insights. Requires proficiency in SQL, Excel, and data visualization tools like Tableau or Power BI.","SQL, Excel, Data Visualization, Power BI, Python, R, Statistics, Data Mining, Data Cleansing, Tableau, ETL, Data Modeling","Microsoft Certified: Data Analyst Associate, Tableau Desktop Specialist"
Data Architect,"Designs data models and architecture for databases. Responsible for ensuring data quality, integrity, and security across systems.","Data Modeling, Data Warehousing, ETL, SQL, NoSQL, Data Governance, Cloud Computing, AWS, Azure, Data Integration, Data Security","IBM Certified Data Architect - Big Data, Google Cloud Professional Data Architect"
DevOps Architect,Designs DevOps frameworks that enhance collaboration between development/operations teams while implementing CI/CD practices.,"Cloud Computing, AWS, Azure, Google Cloud, Docker, Kubernetes, Terraform, Ansible, CI/CD, Automation, Security, Networking","AWS Certified Solutions Architect – Professional, Google Cloud Professional DevOps Engineer"
DevOps Engineer,Implements DevOps practices by automating software delivery processes using tools like Jenkins or GitLab CI.,"Docker, Kubernetes, CI/CD, AWS, Azure, Linux, Terraform, Ansible, Jenkins, Git, Automation, Networking, Python, Scripting, Cloud Computing","AWS Certified DevOps Engineer – Professional, Docker Certified Associate"
ELK Engineer,"Implements ELK stack (Elasticsearch, Logstash, Kibana) solutions for log management/analysis while creating visualizations/dashboards.","Elasticsearch, Logstash, Kibana, Data Visualization, Log Management, Linux, AWS, Azure, Networking, Security","Elastic Certified Engineer, Elastic Stack Certification"
Gerrit Administrator,"Administers Gerrit code review tool. Responsibilities include managing user access, configuring project settings, and facilitating code reviews.","Gerrit, Git, Code Review, Linux, Automation, Scripting, Version Control",Gerrit Code Review Certification (if available)
Jenkins Engineer,Manages Jenkins CI/CD server to automate software builds/deployments. Responsibilities include configuring jobs/plugins and maintaining build pipelines.,"Jenkins, CI/CD, Automation, Groovy, Scripting, Linux, Docker, Kubernetes, Build Automation, Version Control","Certified Jenkins Engineer, AWS Certified DevOps Engineer – Professional"
Jira Administrator,"Manages Jira project management tool. Responsibilities include configuring workflows, managing user permissions, and supporting teams in Agile methodologies.","Jira, Atlassian Suite, Agile Methodologies, Workflow Configuration, User Management, Project Management","Atlassian Jira Administration Certification, AgilePM Certification"
Kubernetes Operations Engineer,"Manages Kubernetes clusters for container orchestration. Responsibilities include deploying applications, monitoring cluster health, and troubleshooting issues.","Kubernetes, Docker, Linux, Cloud Computing, AWS, Azure, Networking, CI/CD, Automation, Security","Certified Kubernetes Administrator (CKA), CNCF Kubernetes Security Specialist (CKS)"
Machine learning Architect,"Designs machine learning systems architecture. Responsible for selecting appropriate frameworks, designing workflows, and ensuring scalability of ML models.","Machine Learning, Deep Learning, Cloud Computing, Data Science, System Design, AWS, Azure, Scalability, Security, Model Deployment","Google Cloud Professional Machine Learning Engineer, AWS Certified Machine Learning – Specialty"
Machine Learning Engineer,Builds machine learning models by implementing algorithms/data processing techniques while focusing on model evaluation/deployment.,"Python, Machine Learning, TensorFlow, Keras, PyTorch, Data Analysis, Deep Learning, Natural Language Processing, Computer Vision, Data Science, Algorithms","Microsoft Certified: Azure Data Scientist Associate, TensorFlow Developer Certificate"
Operations Engineer,"Oversees IT operations to ensure system reliability. Responsibilities include monitoring system performance, troubleshooting issues, and implementing improvements.","Linux, Windows Server, Networking, Troubleshooting, Scripting, Automation, Cloud Computing, Monitoring, System Administration","ITIL Foundation Certification, CompTIA IT Fundamentals+"
Principle Engineer in Artificial Intelligence,"Leads AI initiatives within an organization. Responsibilities include strategic planning, mentoring teams, and driving innovation in AI technologies.","AI Strategy, Machine Learning, Deep Learning, Data Science, Python, TensorFlow, Cloud Computing, System Design, Mentoring, Innovation","AI-900: Microsoft Azure AI Fundamentals, Certified Artificial Intelligence Practitioner (CAIP)"
Principle Engineer in Big Data,Senior role responsible for big data strategy implementation. Oversees architecture design decisions and ensures compliance with best practices.,"Big Data Architecture, Hadoop, Spark, Kafka, Data Warehousing, Cloud Computing, Data Governance, Mentoring, Innovation","Cloudera Certified Professional (CCP), Google Cloud Professional Data Engineer"
Principle Engineer in Data Analysis,Leads data analysis projects to derive insights from complex datasets. Requires strong analytical skills and experience with statistical methods.,"Data Analysis, Statistics, SQL, Python, Data Visualization, Data Modeling, Mentoring, Innovation","Certified Analytics Professional (CAP), Microsoft Certified: Data Analyst Associate"
Principle Engineer in Machine Learning,Senior role overseeing machine learning projects. Responsible for guiding teams on best practices in model development and deployment.,"Machine Learning, Deep Learning, Python, TensorFlow, Cloud Computing, Model Deployment, Mentoring, Innovation","Google Cloud Professional Machine Learning Engineer, AWS Certified Machine Learning – Specialty"
Production Support Engineer,"Provides support for production systems to ensure uptime. Responsibilities include monitoring applications, troubleshooting issues, and performing root cause analysis.","Troubleshooting, Linux, Windows Server, Scripting, Networking, Databases, Monitoring, Automation, ITIL","ITIL Foundation Certification, CompTIA A+"
Puppet Operations Engineer,Utilizes Puppet for configuration management tasks. Responsible for writing manifests/scripts to automate system configurations across environments.,"Puppet, Ruby, Automation, Configuration Management, Linux, Cloud Computing, AWS, Azure, Infrastructure as Code","Puppet Certification, AWS Certified DevOps Engineer – Professional"
Senior Build and Release Engineer,Leads build/release engineering efforts within an organization. Manages complex build environments while ensuring timely delivery of software releases.,"CI/CD, Jenkins, Git, Maven, Gradle, Docker, Kubernetes, Automation, Scripting, Linux, Build Tools, Leadership, Mentoring","Certified Jenkins Engineer, AWS Certified DevOps Engineer – Professional"
Senior Build Engineer,Oversees build processes for software projects at a senior level. Responsible for optimizing build times and maintaining build infrastructure.,"Maven, Gradle, Ant, Jenkins, CI/CD, Git, Build Automation, Scripting, Linux, Version Control, Leadership, Mentoring","Jenkins Certification, AWS Certified Developer – Associate"
Senior DevOps Engineer,Drives DevOps initiatives at a senior level. Responsibilities include mentoring team members and implementing automation strategies.,"Docker, Kubernetes, CI/CD, AWS, Azure, Linux, Terraform, Ansible, Jenkins, Git, Automation, Networking, Python, Cloud Computing, Leadership","AWS Certified DevOps Engineer – Professional, Docker Certified Associate"
Senior Site reliability Engineer,No description available,"SRE, Monitoring, Kubernetes, Docker, Cloud Platforms, Linux, Automation, DevOps, CI/CD, Python, Networking, Leadership",
Site Reliability Engineer (Kubernetes – Docker),Focuses on maintaining high availability of containerized applications using Kubernetes/Docker while implementing SRE best practices.,"SRE, Kubernetes, Docker, Linux, Cloud Computing, Monitoring, Automation, CI/CD, Networking, Troubleshooting","Certified Kubernetes Administrator (CKA), Docker Certified Associate"
Splunk Engineer,"Implements Splunk solutions for log analysis, security monitoring, and operational intelligence. Responsible for creating dashboards/alerts and managing data ingestion.","Splunk, Data Analysis, Log Management, Security, Dashboards, Alerting, Scripting, Linux, AWS, Azure","Splunk Core Certified Power User, Splunk Enterprise Security Admin"
.NET Developer,Develops applications using .NET framework technologies including C#. Responsibilities include application design/development/testing.,".NET, C#, ASP.NET, SQL Server, Web API, MVC, Entity Framework, LINQ, Git, Cloud Computing","Microsoft Certified: .NET Developer, MCP: Programming in C#"
ACCESSIBILITY SPECIALIST,"Ensures digital content meets accessibility standards (e.g., WCAG). Conducts audits/reviews to improve accessibility compliance.","WCAG, ARIA, Accessibility Testing, Assistive Technologies, HTML, CSS, JavaScript, UI/UX, ADA Compliance","IAAP CPACC, W3C Web Accessibility Specialist"
AGILE PROJECT MANAGER,"Manages Agile projects by facilitating Scrum ceremonies (e.g., sprint planning). Ensures team adherence to Agile principles/methodologies.","Agile Methodologies, Scrum, Kanban, Project Management, Stakeholder Management, Communication, Jira, Confluence","Project Management Professional (PMP), Certified ScrumMaster (CSM)"
Android Developer,Develops mobile applications using Android SDK/Java/Kotlin technologies while focusing on UI/UX design principles.,"Android SDK, Java, Kotlin, UI/UX Design, REST APIs, SQL, Android Studio, Firebase, Mobile Development","Associate Android Developer, Google Play Store Certification"
Ansible Automation Engineer,Automates IT tasks using Ansible playbooks/scripts while managing configurations across environments.,"Ansible, Automation, Infrastructure as Code, Cloud Computing, AWS, Azure, Linux, Python, Scripting, Networking","Red Hat Ansible Automation Certification, AWS Certified DevOps Engineer - Professional"
AppDynamics Engineer,Monitors application performance using AppDynamics tools while providing insights into application health/performance metrics.,"AppDynamics, Application Performance Monitoring, Troubleshooting, Java, .NET, Cloud Computing, Metrics, Alerting","AppDynamics Certification, Cisco Application Centric Infrastructure (ACI)"
Application Security Engineer,Focuses on securing applications through vulnerability assessments/pentesting while implementing security best practices.,"Application Security, SAST, DAST, Penetration Testing, Vulnerability Management, OWASP, Secure Coding, Cloud Security","Certified Information Systems Security Professional (CISSP), Certified Ethical Hacker (CEH)"
Artifactory Engineer,Manages Artifactory repositories while integrating them into CI/CD pipelines to ensure efficient artifact management.,"Artifactory, CI/CD, Jenkins, Maven, Gradle, Docker, Build Automation, Version Control, Git, Cloud Computing, Linux","JFrog Artifactory Certification, DevOps Institute Certifications"
AWS DevOps Engineer,Implements DevOps practices on AWS platform while utilizing services like EC2/S3/Lambda to automate deployments.,"AWS, DevOps, CI/CD, Terraform, Ansible, CloudFormation, Docker, Kubernetes, Linux, Automation, Scripting","AWS Certified DevOps Engineer - Professional, Docker Certified Associate"
AWS Solutions Architect,Designs scalable cloud architectures on AWS platform while providing guidance on best practices/security compliance.,"AWS, Cloud Architecture, AWS Lambda, EC2, S3, CloudFormation, DevOps, Terraform, Security, Cloud Security, Networking","AWS Certified Solutions Architect - Associate, AWS Certified Solutions Architect - Professional"
Azure DevOps Engineer,Implements DevOps solutions on Azure platform while utilizing Azure DevOps services/tools to automate deployments.,"Azure, DevOps, CI/CD, Terraform, Ansible, ARM Templates, Docker, Kubernetes, Linux, Automation, Scripting","Microsoft Certified: Azure DevOps Solutions Expert, Azure Fundamentals"
Bamboo Engineer,"Manages CI/CD processes using Bamboo. Responsibilities include configuring build plans, integrating with version control systems, and ensuring smooth deployment pipelines.","Bamboo, CI/CD, Atlassian Suite, Automation, Scripting, Build Automation, Version Control, Git","Atlassian Bamboo Certification, CI/CD Certifications"
Bitbucket Engineer,"Administers Bitbucket repositories for version control. Responsible for managing user permissions, branch strategies, and pull requests.","Bitbucket, Git, Version Control, CI/CD, Atlassian Suite, Branching Strategies, Code Review","Atlassian Bitbucket Certification, GitHub Proficiency Certifications"
Blockchain Developer,Develops blockchain-based applications and smart contracts. Requires knowledge of blockchain frameworks such as Ethereum and programming languages like Solidity.,"Blockchain, Ethereum, Smart Contracts, Solidity, Cryptocurrency, Distributed Ledger, Consensus Algorithms, Web3, JavaScript, Node.js","Certified Blockchain Developer, Ethereum Developer Certification"
BUSINESS SYSTEMS ANALYST,Analyzes business needs and translates them into technical requirements. Works closely with stakeholders to improve processes and implement technology solutions.,"Business Analysis, Requirements Gathering, Process Improvement, Stakeholder Management, SQL, Data Analysis, UML, BPMN","CBAP - Certified Business Analysis Professional, PMI-PBA - PMI Professional in Business Analysis"
C# Developer,"Develops applications using C# and .NET technologies. Responsibilities include designing, coding, testing, and debugging software applications.","C#, .NET, ASP.NET, SQL Server, Web API, MVC, Entity Framework, LINQ, Git, Cloud Computing","Microsoft Certified: C# Programmer, .NET Framework Certification"
Chef InSpec Engineer,Utilizes Chef InSpec for compliance automation. Responsible for writing tests to ensure systems meet security and compliance standards.,"Chef InSpec, Compliance as Code, Automation, Security, Configuration Management, Linux, Cloud Computing","Chef InSpec Certification, HashiCorp Terraform Associate"
Cloud administrator,No description available,"Cloud Computing, AWS, Azure, Google Cloud, Linux, Networking, Security, Automation, Scripting, Virtualization","CompTIA Cloud+, Cloud Security Alliance CCSK"
CLOUD ARCHITECT,Designs cloud architecture solutions to meet business requirements. Responsible for selecting appropriate cloud services and ensuring scalability/security.,"Cloud Architecture, AWS, Azure, Google Cloud, Terraform, Cloud Security, Networking, Microservices, CI/CD, Automation, Docker, Kubernetes","Google Cloud Professional Cloud Architect, AWS Certified Solutions Architect"
Cloud automation engineer,Automates cloud infrastructure management using tools like Terraform or Ansible. Focuses on deploying resources efficiently across cloud environments.,"Cloud Computing, Automation, Terraform, Ansible, Python, Scripting, CI/CD, AWS, Azure, Google Cloud","HashiCorp Terraform Associate, Azure Automation Certifications"
Cloud engineer,"Builds and maintains cloud infrastructure. Responsibilities include configuring cloud services, optimizing performance, and ensuring security compliance.","Cloud Computing, AWS, Azure, Google Cloud, Linux, Networking, Security, Automation, Scripting, Virtualization","Google Cloud Associate Cloud Engineering, CompTIA Cloud+"
Cloud network engineer,"Designs and manages networking solutions within cloud environments. Focuses on VPCs, subnets, routing configurations, and security groups.","Cloud Networking, AWS, Azure, Google Cloud, VPC, Subnets, Routing, Security Groups, Firewalls","Cisco CCNA Cloud, Cisco CCNP Cloud"
Cloud Security Engineer,"Implements security measures for cloud environments. Responsibilities include identity management, data protection, and compliance auditing.","Cloud Security, IAM, Identity and Access Management, Encryption, AWS, Azure, GCP, Vulnerability Management, Compliance","Certified Cloud Security Professional (CCSP), CompTIA Security+"
CNC Programmer,Creates CNC programs for machining operations. Responsible for interpreting blueprints and optimizing tool paths for efficiency.,"CNC Programming, G-Code, CAD/CAM, Machining, Manufacturing Processes, Blueprints, Toolpath Optimization","CNC Programming Certificate, Mastercam Certification"
Coder,Writes code in various programming languages to develop software applications. Responsibilities include debugging and maintaining code quality.,"Programming, Algorithms, Data Structures, Problem Solving, Debugging, Software Development","CompTIA IT Fundamentals+, Coding Bootcamp Certificates"
COMPUTER GRAPHICS ANIMATOR,"Creates animations using computer graphics software. Responsibilities include modeling, rigging, and rendering 3D assets.","3D Animation, 2D Animation, Motion Graphics, Adobe Creative Suite, Maya, Blender, Storyboarding, Visual Effects","Adobe Creative Suite Certifications, Maya Certifications"
Computer Hardware Engineer,"Designs and tests hardware components for computers. Responsibilities include circuit design, prototyping, and troubleshooting hardware issues.","Hardware Design, Circuit Design, Embedded Systems, Microprocessors, PCB Design, Testing, Validation","CompTIA A+, Cisco CCNA"
Computer Network Architect,Designs network infrastructures to support organizational needs. Responsible for selecting hardware/software solutions to optimize network performance.,"Network Design, Routing, Switching, Security, LAN/WAN, TCP/IP, VPN, Firewalls, Cloud Networking","Cisco CCNP Network Design, Cisco CCIE Routing and Switching"
Computer Programmer,Writes code to create software applications based on specifications. Responsibilities include debugging code and collaborating with other developers.,"Programming, Algorithms, Data Structures, Debugging, Software Development, Python, Java, C++","Oracle Java Programmer Certification, Microsoft Technology Associate (MTA)"
Computer Research Scientist,Conducts research in computing fields to develop new technologies or methodologies. Publishes findings in academic journals and presents at conferences.,"Research Methods, Data Analysis, Algorithms, Machine Learning, Publications, Scientific Writing, Programming","Certified Data Scientist (CDS), IEEE Certified Artificial Intelligence Engineer"
Computer Systems Analyst,Analyzes computer systems to identify improvements in efficiency or functionality. Works closely with stakeholders to gather requirements and implement solutions.,"System Analysis, Requirements Gathering, Data Analysis, Process Improvement, UML, SQL, Stakeholder Management","Certified Business Analysis Professional (CBAP), ITIL Foundation Certification"
Confluence Engineer,"Manages Confluence as a collaboration tool within teams. Responsibilities include configuring spaces, managing permissions, and supporting documentation efforts.","Confluence, Atlassian Suite, Collaboration, Documentation, Workflow Configuration, User Management","Atlassian Confluence Certification, AgilePM Certification"
Consul Engineer,Implements service discovery solutions using HashiCorp Consul. Responsible for configuring service mesh capabilities and ensuring application connectivity.,"Consul, Service Discovery, Configuration Management, Networking, Automation, Cloud Computing","HashiCorp Certified: Consul Associate, Cloud Security Alliance CCSK"
Coverage.py Engineer,Utilizes Coverage.py for measuring code coverage in Python applications. Responsible for implementing testing strategies to improve code quality.,"Coverage.py, Python, Testing, Code Coverage, Quality Assurance, CI/CD","Python Institute Certifications, Certified Software Development Professional (CSDP)"
DATA ANALYST,"Analyzes data sets to extract insights that inform business decisions. Proficient in SQL, Excel, and data visualization tools like Tableau or Power BI.","SQL, Excel, Data Visualization, Power BI, Python, R, Statistics, Data Mining, Data Cleansing, Tableau, ETL, Data Modeling","Microsoft Certified: Data Analyst Associate, Google Data Analytics Professional Certificate"
Data Engineer,"Builds data pipelines to support analytics initiatives. Requires expertise in ETL processes, SQL databases, and big data technologies.","SQL, ETL, Data Warehousing, Python, Spark, Hadoop, Cloud Computing, Data Pipelines, Data Modeling","Google Cloud Professional Data Engineer, AWS Certified Big Data – Specialty"
DATA MODELER,Creates data models that define how data is stored within databases. Works closely with architects to ensure alignment with business requirements.,"Data Modeling, SQL, Data Warehousing, Database Design, ER Diagrams, Data Governance","IBM Certified Data Modeler, Data Management Association (DAMA) CDMP"
DATA SCIENTIST,Utilizes statistical analysis and machine learning techniques to derive insights from complex datasets. Proficient in programming languages like Python or R.,"Python, R, Machine Learning, Data Science, Statistics, SQL, Hadoop, Spark, Data Wrangling, Data Visualization, Cloud Computing","Certified Analytics Professional (CAP), Microsoft Certified: Azure Data Scientist Associate"
Database Administrator,"Responsible for managing database systems including installation, configuration, monitoring performance, backup/recovery procedures.","SQL, Database Management, MySQL, PostgreSQL, Oracle, Database Design, Performance Tuning, Backup and Recovery","Oracle Database SQL Certified Associate, Microsoft Certified: Azure Database Administrator Associate"
Datadog Engineer,Implements monitoring solutions using Datadog to track application performance metrics. Responsible for configuring alerts/dashboards.,"Datadog, Monitoring, Alerting, Metrics, Dashboards, Cloud Computing, Linux, Troubleshooting","Datadog Monitoring Certification, AWS Certified DevOps Engineer – Professional"
Developer,Writes software applications based on specifications provided by stakeholders. Collaborates with other developers on coding best practices.,"Programming, Algorithms, Data Structures, Debugging, Software Development, Python, Java, C++","CompTIA IT Fundamentals+, .NET Developer Certification"
DevOps Architect,Designs DevOps frameworks that enhance collaboration between development/operations teams while implementing CI/CD practices.,"Cloud Computing, AWS, Azure, Google Cloud, Docker, Kubernetes, Terraform, Ansible, CI/CD, Automation, Security, Networking","AWS Certified Solutions Architect – Professional, Google Cloud Professional DevOps Engineer"
DevOps Engineer,Implements DevOps practices by automating software delivery processes using tools like Jenkins or GitLab CI.,"Docker, Kubernetes, CI/CD, AWS, Azure, Linux, Terraform, Ansible, Jenkins, Git, Automation, Networking, Python, Scripting, Cloud Computing","AWS Certified DevOps Engineer – Professional, Docker Certified Associate"
DEVOPS MANAGER,Oversees DevOps teams responsible for automating software delivery processes while ensuring alignment with organizational goals.,"DevOps, Team Management, Project Management, CI/CD, Cloud Computing, Automation, Communication, Leadership, Budgeting","Project Management Professional (PMP), Certified ScrumMaster (CSM)"
DevSecOps Architect,Integrates security practices into the DevOps process by designing secure CI/CD pipelines that meet compliance standards.,"DevSecOps, Cloud Security, Kubernetes, Docker, Terraform, Ansible, CI/CD, Security Automation, Vulnerability Management","Certified Information Systems Security Professional (CISSP), DevSecOps Foundation Certification"
DevSecOps Engineer,Implements security measures within the DevOps lifecycle by utilizing tools that automate security checks throughout development.,"DevSecOps, Kubernetes, Docker, Cloud Security, Penetration Testing, Continuous Security, CI/CD, AWS, Terraform, Vulnerability Scanning","Certified DevSecOps Practitioner, AWS Certified Security – Specialty"
Director of Engineering,Leads engineering teams while overseeing project management efforts across multiple initiatives within the organization.,"Team Management, Project Management, Software Development, Agile Methodologies, Budgeting, Communication, Leadership","Project Management Professional (PMP), Executive Leadership Programs"
Docker Engineer,Manages containerization solutions using Docker while ensuring efficient deployment of applications across environments.,"Docker, Containerization, Kubernetes, CI/CD, Linux, Cloud Computing, Automation, Networking","Docker Certified Associate, AWS Certified Solutions Architect"
ELK Engineer,"Implements ELK stack (Elasticsearch, Logstash, Kibana) solutions for log management/analysis while creating visualizations/dashboards.","Elasticsearch, Logstash, Kibana, Data Visualization, Log Management, Linux, AWS, Azure, Networking, Security","Elastic Certified Engineer, Elastic Stack Certification"
Embedded Software Engineer,Develops software for embedded systems by writing low-level code that interfaces directly with hardware components.,"Embedded C, RTOS, Microcontrollers, Firmware Development, Hardware Design, Communication Protocols, Testing","Certified Embedded Systems Engineer (CESE), Embedded C Programming Certification"
Entry Level Developer,Assists in developing software applications under supervision while gaining experience in coding/debugging practices.,"JavaScript, Java, Python, Git, SQL, HTML, CSS, Data Structures, Algorithms","CompTIA IT Fundamentals+, Coding Bootcamp Certificates"
Entry Level Network Engineer,Supports network infrastructure by assisting with configuration/troubleshooting tasks while gaining hands-on experience.,"Networking, TCP/IP, Routing, Switching, Linux, Windows Server, Troubleshooting","Cisco CCNA Routing and Switching, CompTIA Network+"
Entry Level Programmer,Writes basic code under supervision while learning programming concepts/techniques through practical application.,"Programming, Algorithms, Data Structures, Python, Java, C++, Debugging","CompTIA IT Fundamentals+, Coding Bootcamp Certificates"
Entry Level Software Developer,Assists in developing software applications while gaining experience in coding/debugging practices under supervision.,"JavaScript, Java, Python, Git, SQL, HTML, CSS, Data Structures, Algorithms","CompTIA IT Fundamentals+, Coding Bootcamp Certificates"
Entry Level Software Engineer,Participates in software development projects while gaining practical experience in coding/debugging under guidance.,"JavaScript, Java, Python, Git, SQL, HTML, CSS, Data Structures, Algorithms","CompTIA IT Fundamentals+, Coding Bootcamp Certificates"
Entry Level Web Developer,Assists in developing web applications while learning front-end/back-end technologies through practical experience.,"HTML, CSS, JavaScript, Git, Web Development Fundamentals, UI/UX Basics","HTML/CSS/JavaScript Certifications, Coding Bootcamp Certificates"
Envoy Engineer,Implements Envoy proxy solutions within microservices architectures while focusing on traffic management/security policies.,"Envoy, Service Mesh, Networking, Kubernetes, Docker, Cloud Computing, Traffic Management, Security","Service Mesh Certifications, Cloud Native Computing Foundation Certifications"
Falco Engineer,Utilizes Falco for runtime security monitoring of containerized applications while implementing threat detection mechanisms.,"Falco, Security, Kubernetes, Docker, Cloud Computing, Threat Detection, System Monitoring","Cloud Native Security Certifications, Kubernetes Security Specialist Certification"
FluentD Engineer,Configures FluentD as a log collector/aggregator while managing log ingestion pipelines into storage/analytics platforms.,"FluentD, Log Management, Data Collection, Data Processing, Elasticsearch, Kibana, Cloud Computing","FluentD Certification (if available), Cloud Native Computing Foundation Certifications"
Fortify Engineer,Conducts static/dynamic application security testing using Fortify tools while identifying/remediating vulnerabilities within applications.,"Fortify, Static Code Analysis, Security, Vulnerability Management, Software Development, Java, .NET","Fortify Software Security Center Certification, Certified Ethical Hacker (CEH)"
FRAMEWORKS SPECIALIST,"Specializes in specific frameworks (e.g., React/Angular) by developing applications based on best practices within those frameworks.","React, Angular, Vue.js, Spring Framework, Django, Framework Development, JavaScript, Java, Python","Framework-Specific Certifications (e.g., React, Angular), Agile Methodologies Certifications"
Front End Developer,"Designs and develops user-facing features for web applications using HTML, CSS, and JavaScript. Collaborates with UX/UI designers to implement responsive designs.","JavaScript, HTML, CSS, React, Angular, Vue.js, Node.js, TypeScript, Sass, UI/UX Design","JavaScript Developer Certificate, Front-End Web Developer Nanodegree"
Front End Web Developer,Creates and maintains the visual components of web applications. Responsible for optimizing applications for maximum speed and scalability.,"JavaScript, HTML, CSS, React, Angular, Vue.js, Node.js, TypeScript, Sass, UI/UX Design","JavaScript Developer Certificate, Front-End Web Developer Nanodegree"
Full Stack Developer,Develops both front-end and back-end components of web applications. Requires proficiency in multiple programming languages and frameworks.,"JavaScript, HTML, CSS, Node.js, React, Angular, Express.js, MongoDB, SQL, Python, Django, DevOps, CI/CD","Full Stack Web Development Bootcamp, JavaScript Developer Certificate"
Full Stack JAVA Developer/Programmer/Engineer,Designs and develops full-stack applications using Java technologies. Responsible for both server-side logic and user interface design.,"Java, Spring Framework, Hibernate, J2EE, SQL, REST APIs, JUnit, Maven, Git, Jenkins, Cloud Computing, Microservices, JavaScript, HTML, CSS, React","Oracle Java Programmer Certification, Spring Framework Certification"
Full Stack Python Developer/Programmer/Engineer,"Creates full-stack applications using Python frameworks (e.g., Django). Responsible for developing both client-side and server-side components.","Python, Django, Flask, REST APIs, SQL, Data Structures, Algorithms, Cloud Computing, Linux, Docker, Git, JavaScript, HTML, CSS, React","Python Institute Certifications, Django for Everybody Specialization"
Game Developer,"Designs and develops video games across platforms. Responsible for coding gameplay mechanics, graphics, and user interactions.","Unity, C++, Game Design, Game Engines, C#, VR Development, JavaScript, Unreal Engine","Unity Certified Developer, Game Design and Development Specialization"
GCP DevOps Engineer,"Implements DevOps practices on Google Cloud Platform. Responsible for automating deployments, managing CI/CD pipelines, and ensuring system reliability.","Google Cloud, DevOps, CI/CD, Terraform, Ansible, Docker, Kubernetes, Linux, Automation, Scripting","Google Cloud Professional DevOps Engineer, Google Cloud Associate Cloud Engineer"
Gerrit Engineer,Manages Gerrit code review system to facilitate collaborative development. Responsibilities include configuring projects and managing user access.,"Gerrit, Git, Code Review, Linux, Automation, Scripting, Version Control","Gerrit Code Review Certification (if available), GitHub Proficiency Certifications"
Git Engineer,"Specializes in Git version control systems. Responsible for managing repositories, branching strategies, and ensuring code integrity during development.","Git, Version Control, Branching Strategies, Code Review, CI/CD, Automation, Scripting","GitHub Proficiency Certifications, GitLab Certifications"
Github Engineer,"Manages GitHub repositories for version control. Responsibilities include setting up workflows, managing pull requests, and collaborating with teams.","GitHub, Git, Version Control, CI/CD, Automation, Scripting, GitHub Actions","GitHub Proficiency Certifications, GitLab Certifications"
GitLab Engineer,Administers GitLab repositories for version control. Responsible for configuring CI/CD pipelines and managing project settings.,"GitLab, Git, Version Control, CI/CD, Automation, Scripting, GitLab CI","GitLab Certified Associate, GitLab CI/CD Certification"
Gradle Engineer,Utilizes Gradle build automation tools to manage project dependencies and build processes. Responsible for optimizing build configurations.,"Gradle, Build Automation, Java, Groovy, CI/CD, Version Control, Git","Gradle Certification, Java Developer Certification"
Grafana Engineer,Implements Grafana dashboards for data visualization. Responsible for monitoring metrics from various sources to provide insights into system performance.,"Grafana, Data Visualization, Monitoring, Alerting, Metrics, Dashboards, Linux, Cloud Computing","Grafana Certified Associate, Monitoring and Observability Certifications"
Groovy Engineer,Develops scripts using Groovy programming language to automate tasks within Java applications or build processes.,"Groovy, Scripting, Jenkins, Automation, Java, Build Automation","Groovy Certification, Java Developer Certification"
INFORMATION ARCHITECT,Designs information systems that provide clear navigation structures for users. Works on organizing content effectively across digital platforms.,"Information Architecture, UI/UX Design, User Research, Wireframing, Prototyping, Content Strategy","Certified Information Architect (CIA), User Experience Professional Certification"
Information Security Analyst,Protects an organization’s computer systems by implementing security measures. Responsibilities include monitoring networks for security breaches.,"Security, Network Security, Firewalls, IDS/IPS, Vulnerability Management, Penetration Testing, Security Auditing","Certified Information Systems Security Professional (CISSP), Certified Ethical Hacker (CEH)"
INTERACTION DESIGNER,Focuses on creating engaging interfaces that enhance user experience. Responsibilities include conducting user research and usability testing.,"Interaction Design, UI/UX Design, Prototyping, User Research, Wireframing, Usability Testing","Interaction Design Foundation Certifications, Certified Usability Analyst (CUA)"
IOS Developer,Develops mobile applications for iOS devices using Swift or Objective-C. Responsible for implementing UI designs and ensuring app performance.,"Swift, Objective-C, iOS SDK, XCode, UI/UX Design, REST APIs, SQL, Mobile Development","Apple Certified iOS Developer, iOS App Development Bootcamp"
Istio Engineer,"Implements service mesh solutions using Istio to manage microservices communication. Focuses on traffic management, security policies, and observability.","Istio, Service Mesh, Kubernetes, Docker, Cloud Computing, Networking, Traffic Management, Security","Istio Certification (if available), Cloud Native Computing Foundation Certifications"
IT Manager,"Oversees IT operations within an organization. Responsibilities include managing IT staff, budgeting, and ensuring alignment with business goals.","Project Management, Team Leadership, Agile Methodologies, Budgeting, IT Infrastructure, Networking, Cloud Computing, Cybersecurity","Project Management Professional (PMP), ITIL Foundation Certification"
JaCoCO Engineer,Utilizes JaCoCO to measure code coverage in Java applications. Responsible for integrating coverage reporting into CI/CD pipelines.,"JaCoCO, Code Coverage, Java, Testing, Quality Assurance, CI/CD","Java Developer Certification, JUnit Certification"
Java Developer,"Develops software applications using Java programming language. Responsibilities include writing code, debugging, and collaborating with team members on projects.","Java, Spring Framework, Hibernate, J2EE, SQL, REST APIs, JUnit, Maven, Git, Jenkins, Cloud Computing, Microservices","Oracle Certified Professional, Java SE Programmer, Spring Framework Certification"
JavaScript Developer,Creates interactive web applications using JavaScript frameworks/libraries like React or Angular. Focuses on front-end development best practices.,"JavaScript, HTML, CSS, React, Angular, Vue.js, Node.js, TypeScript, Sass, UI/UX Design","JavaScript Developer Certificate, Certified JavaScript Developer"
Jenkins Engineer,Manages Jenkins CI/CD server to automate software builds/deployments. Responsibilities include configuring jobs/plugins and maintaining build pipelines.,"Jenkins, CI/CD, Automation, Groovy, Scripting, Linux, Docker, Kubernetes, Build Automation, Version Control","Certified Jenkins Engineer, AWS Certified DevOps Engineer – Professional"
JIRA Engineer,"Administers JIRA project management tool to support Agile teams. Responsibilities include configuring workflows, managing projects, and providing user support.","Jira, Atlassian Suite, Agile Methodologies, Workflow Configuration, User Management, Project Management","Atlassian Jira Administration Certification, AgilePM Certification"
Jr Developer,Assists in software development tasks under supervision while gaining practical experience in coding/debugging practices.,"JavaScript, Java, Python, Git, SQL, HTML, CSS, Data Structures, Algorithms","CompTIA IT Fundamentals+, Coding Bootcamp Certificates"
Junior Developer,Supports development teams by writing code under guidance while learning best practices in software development.,"JavaScript, Java, Python, Git, SQL, HTML, CSS, Data Structures, Algorithms","CompTIA IT Fundamentals+, Coding Bootcamp Certificates"
Junior Front End Developer,Assists in developing front-end components of web applications while learning HTML/CSS/JavaScript.,"JavaScript, HTML, CSS, React, Vue.js, Git, UI/UX Basics","HTML/CSS/JavaScript Certifications, Front-End Web Development Bootcamp"
Junior IOS Developer,Supports iOS application development efforts while gaining hands-on experience with Swift/Objective-C.,"Swift, Objective-C, iOS SDK, XCode, UI/UX Basics, Git","Apple Certified iOS Developer, iOS App Development Bootcamp"
Junior Software Developer,Participates in software development projects while gaining practical experience through coding/debugging tasks.,"JavaScript, Java, Python, Git, SQL, HTML, CSS, Data Structures, Algorithms","CompTIA IT Fundamentals+, Coding Bootcamp Certificates"
Junior Software Engineer,Assists in engineering tasks related to software development while learning from experienced team members.,"JavaScript, Java, Python, Git, SQL, HTML, CSS, Data Structures, Algorithms","CompTIA IT Fundamentals+, Coding Bootcamp Certificates"
Junior Web Developer,Supports web development efforts by writing basic code under supervision while learning front-end/back-end technologies.,"HTML, CSS, JavaScript, Git, Web Development Fundamentals, UI/UX Basics","HTML/CSS/JavaScript Certifications, Front-End Web Development Bootcamp"
JUnit Engineer,Utilizes JUnit framework to write unit tests for Java applications. Responsibilities include ensuring code quality through automated testing.,"JUnit, Java, Testing, Unit Testing, Test Automation, CI/CD","JUnit Certification, Java Developer Certification"
kubernetes Administrator,No description available,"Kubernetes, Docker, Linux, Cloud Computing, AWS, Azure, Networking, CI/CD, Automation, Security",
Kubernetes Engineer,Designs and implements Kubernetes solutions for container orchestration while ensuring high availability of services.,"Kubernetes, Docker, Linux, Cloud Computing, AWS, Azure, Networking, CI/CD, Automation, Security","Certified Kubernetes Administrator (CKA), Docker Certified Associate"
Machine Learning Engineer,Builds machine learning models by implementing algorithms/data processing techniques while focusing on model evaluation/deployment.,"Python, Machine Learning, TensorFlow, Keras, PyTorch, Data Analysis, Deep Learning, Natural Language Processing, Computer Vision, Data Science, Algorithms","Microsoft Certified: Azure Data Scientist Associate, TensorFlow Developer Certificate"
MAVEN Engineer,Manages build processes using Maven for Java applications. Responsibilities include configuring pom.xml files and optimizing build performance.,"Maven, Java, Build Automation, Dependency Management, CI/CD, Version Control, Git","Maven Certification, Java Developer Certification"
Micro services / API Lead Designer,No description available,"Microservices, API Design, REST APIs, SOA, Cloud Computing, Java, Python, Security",
MOBILE APP DEVELOPER,Develops mobile applications for platforms like Android and iOS. Responsibilities include designing user interfaces and integrating backend services.,"Android SDK, Java, Kotlin, iOS, Swift, Objective-C, React Native, Flutter, Mobile Development, UI/UX Design","Google Associate Android Developer, Apple Certified iOS Developer"
Mobile Application Developer,Creates mobile applications using frameworks like React Native or Flutter. Focuses on delivering high-quality user experiences across devices.,"Android SDK, Java, Kotlin, iOS, Swift, Objective-C, React Native, Flutter, Mobile Development, UI/UX Design","Google Associate Android Developer, Apple Certified iOS Developer"
Mulesoft Developer,Designs and develops integration solutions using MuleSoft Anypoint Platform. Responsible for creating APIs and managing data flows between systems.,"MuleSoft, Anypoint Platform, API Development, Integration, Java, REST APIs, SOA","MuleSoft Certified Developer, MuleSoft Certified Architect"
Nagios Engineer,Implements Nagios monitoring solutions to track system performance and availability. Responsible for configuring alerts and managing monitoring plugins.,"Nagios, Monitoring, Linux, Scripting, Alerting, System Administration, Networking","Nagios Core Administration Certification, Linux Administration Certifications"
Network and Systems Administrator,"Manages network infrastructure and systems to ensure operational efficiency. Responsibilities include troubleshooting, maintenance, and user support.","Networking, Linux, Windows Server, Troubleshooting, Scripting, Automation, System Administration","CompTIA Network+, Cisco CCNA"
Network Engineer,"Designs, implements, and manages network solutions to ensure reliable connectivity. Responsibilities include configuring routers/switches and monitoring network performance.","TCP/IP, LAN/WAN, Routing, Switching, Firewalls, VPN, Cisco, Security, Networking Protocols","Cisco CCNA, CompTIA Network+"
New Grad Software Engineer,Entry-level position focused on software development tasks while gaining practical experience in coding/debugging under supervision.,"JavaScript, Java, Python, Git, SQL, HTML, CSS, Data Structures, Algorithms","CompTIA IT Fundamentals+, Coding Bootcamp Certificates"
New Relic Engineer,"Utilizes New Relic for application performance monitoring. Responsibilities include configuring dashboards, analyzing metrics, and optimizing application performance.","New Relic, Application Performance Monitoring, Troubleshooting, Java, .NET, Cloud Computing, Metrics, Alerting","New Relic Monitoring and Observability Certifications, AWS Certified DevOps Engineer – Professional"
Nexus Engineer,Manages Nexus repository for artifact management in CI/CD pipelines. Responsible for configuring repositories and ensuring efficient artifact storage.,"Nexus, Artifact Repository, Maven, Gradle, Docker, CI/CD, Build Automation","Nexus Repository Manager Certification, DevOps Institute Certifications"
Nomad Engineer,Implements Nomad for workload orchestration across distributed systems. Responsibilities include managing job definitions and ensuring service availability.,"Nomad, Container Orchestration, Docker, Linux, Cloud Computing, Automation, Networking","HashiCorp Certified: Nomad Associate, Cloud Native Computing Foundation Certifications"
Notary Engineer,Utilizes Notary for secure signing of container images. Responsible for implementing trust management within containerized environments.,"Notary, Security, Docker, Container Security, Cryptography, Trust Management","Notary Security Certifications, Docker Security Certifications"
Octopus Deploy Engineer,Manages deployment processes using Octopus Deploy. Responsibilities include configuring deployment projects and automating release workflows.,"Octopus Deploy, Deployment Automation, CI/CD, .NET, PowerShell, Scripting, Cloud Computing","Octopus Deploy Certification, CI/CD Certifications"
OpenShift Engineer,"Administers OpenShift container platform for deploying applications. Responsibilities include managing clusters, scaling applications, and ensuring uptime.","OpenShift, Kubernetes, Docker, Linux, Cloud Computing, CI/CD, Automation, Security","Red Hat OpenShift Administration Certification, Kubernetes Administrator Certification"
OpenStack Engineer,Implements OpenStack solutions for cloud infrastructure management. Responsible for deploying services and managing virtualized resources.,"OpenStack, Cloud Computing, Virtualization, Networking, Linux, Automation, Scripting","OpenStack Administrator Certification, Cloud Infrastructure Certifications"
Oracle Developer,"Develops applications using Oracle technologies including PL/SQL. Responsibilities include database design, coding, testing, and optimization.","Oracle, SQL, PL/SQL, Database Design, Performance Tuning, ETL","Oracle Certified Professional, Java SE Programmer, Oracle Database SQL Certified Associate"
Oracle SQL Developer,"Utilizes Oracle SQL Developer to manage database development tasks including writing queries, creating reports, and optimizing database performance.","Oracle SQL Developer, SQL, PL/SQL, Database Development, Performance Tuning, ETL","Oracle SQL Certified Associate, Oracle Database SQL Expert"
Packer Engineer,Uses Packer to automate the creation of machine images across platforms. Responsible for maintaining image templates and ensuring consistency in deployments.,"Packer, Infrastructure as Code, Cloud Computing, Automation, AWS, Azure, Google Cloud","HashiCorp Certified: Packer Associate, Infrastructure as Code Certifications"
PHP Developer,"Develops web applications using PHP programming language. Responsibilities include coding, debugging, and collaborating with front-end developers on integrations.","PHP, MySQL, Laravel, JavaScript, CSS, HTML, RESTful APIs, Symfony, Git","Zend Certified PHP Engineer, PHP Framework Certifications"
Powershell Engineer,Utilizes PowerShell scripting to automate administrative tasks in Windows environments. Responsible for writing scripts to manage system configurations.,"PowerShell, Scripting, Automation, Windows Server, Cloud Computing, Active Directory","Microsoft Certified: Azure Administrator Associate, Windows PowerShell Training"
PRODUCT MANAGER,"Oversees product development from conception to launch. Responsibilities include defining product vision, gathering requirements, and coordinating cross-functional teams.","Product Management, Agile Methodologies, User Research, Roadmap Planning, Stakeholder Management, Communication","Certified Scrum Product Owner (CSPO), Product Management Professional (PMP)"
Programmer,Writes code to develop software applications based on specifications provided by stakeholders. Collaborates with other developers on coding best practices.,"Programming, Algorithms, Data Structures, Debugging, Software Development, Python, Java, C++",
Programmer Analyst,"Analyzes business requirements to develop software solutions. Responsibilities include coding, testing, debugging, and providing technical support.","Programming, Data Analysis, Requirements Gathering, SQL, Data Modeling, Process Improvement",
Prometheus Engineer,Implements Prometheus monitoring solutions to track application performance metrics. Responsible for configuring alerts/dashboards based on metrics collected.,"Prometheus, Monitoring, Alerting, Metrics, Kubernetes, Docker, Cloud Computing",
Puppet Engineer,Utilizes Puppet for configuration management tasks across environments. Responsibilities include writing manifests/scripts to automate system configurations.,"Puppet, Ruby, Automation, Configuration Management, Linux, Cloud Computing, AWS, Azure, Infrastructure as Code",
PyTest Engineer,Uses PyTest framework to write unit tests for Python applications. Responsible for ensuring code quality through automated testing practices.,"PyTest, Python, Testing, Unit Testing, Test Automation, CI/CD",
Python Developer,"Develops software applications using Python programming language. Responsibilities include writing code, debugging issues, and collaborating with other developers.","Python, Django, Flask, REST APIs, SQL, Data Structures, Algorithms, Cloud Computing, Linux, Docker, Git",
QA Engineer,Implements testing strategies to ensure software quality through manual/automated testing methods while collaborating with development teams on quality standards.,"Automation Testing, Selenium, JUnit, TestNG, CI/CD, Python, Git, Jenkins, Test Automation, Agile Testing, Performance Testing",
React Developer,Develops user interfaces using React.js framework. Responsibilities include implementing responsive designs and optimizing application performance.,"JavaScript, React, HTML, CSS, Node.js, Redux, UI/UX Design, Git",
Robotics Engineer,Designs robotic systems by developing software/hardware components that enable robots to perform tasks autonomously or semi-autonomously.,"Robotics, C++, Python, ROS, Embedded Systems, Control Systems, Sensors, Actuators",
RUBY ON RAILS DEVELOPER,Develops web applications using Ruby on Rails framework while focusing on back-end logic/integrating front-end components.,"Ruby on Rails, Ruby, SQL, HTML, CSS, JavaScript, REST APIs, Git",
Salesforce Developer,Customizes Salesforce platform by developing applications/components using Apex/Visualforce while ensuring alignment with business processes.,"Salesforce, Apex, Visualforce, Lightning, SOQL, Salesforce Administration, REST APIs",
Search Engine Optimization,No description available,"SEO, Keyword Research, On-Page Optimization, Off-Page Optimization, Content Marketing, Analytics",
SECURITY SPECIALIST,Protects organizational data by implementing security measures. Responsibilities include conducting risk assessments and responding to security incidents.,"Security, Network Security, Firewalls, IDS/IPS, Vulnerability Management, Penetration Testing, Security Auditing",
Selenium Engineer,"Designs and develops automated test scripts using Selenium. Responsibilities include creating test plans, executing tests, and reporting defects.","Selenium, Test Automation, Java, Python, WebDriver, CI/CD, Testing Frameworks",
Senior Ansible Development Engineer,Leads development efforts for Ansible-based automation solutions. Responsibilities include mentoring junior engineers and designing complex playbooks.,"Ansible, Automation, Infrastructure as Code, Cloud Computing, AWS, Azure, Linux, Python, Scripting, Networking, Leadership",
Senior Cloud Architect,Designs and implements cloud solutions at a senior level. Responsibilities include cloud strategy development and providing guidance on cloud best practices.,"Cloud Architecture, AWS, Azure, Google Cloud, Microservices, Kubernetes, Docker, Security, Leadership",
Senior DevOps Architect,Leads DevOps initiatives at an architectural level by designing CI/CD pipelines and promoting automation across development teams.,"Cloud Computing, AWS, Azure, Google Cloud, Docker, Kubernetes, Terraform, Ansible, CI/CD, Automation, Security, Networking, Leadership",
Senior DevOps Engineer,Drives DevOps initiatives at a senior level. Responsibilities include mentoring team members and implementing automation strategies.,"Docker, Kubernetes, CI/CD, AWS, Azure, Linux, Terraform, Ansible, Jenkins, Git, Automation, Networking, Python, Cloud Computing, Leadership","AWS Certified DevOps Engineer – Professional, Docker Certified Associate"
Senior DevSecOps Architect,Integrates security into DevOps practices at an architectural level by designing secure CI/CD pipelines and implementing security best practices.,"DevSecOps, Cloud Security, Kubernetes, Docker, Terraform, Ansible, CI/CD, Security Automation, Vulnerability Management, Leadership",
Senior SRE Architect,Leads SRE efforts at an architectural level by designing scalable/reliable systems while improving incident response strategies.,"SRE, Monitoring, Kubernetes, Docker, Cloud Platforms, Linux, Automation, DevOps, CI/CD, Python, Networking, Leadership",
Senior SRE Engineer,Drives site reliability efforts by implementing monitoring solutions and automating incident response. Responsible for improving service availability.,"SRE, Monitoring, Kubernetes, Docker, Cloud Platforms, Linux, Automation, DevOps, CI/CD, Python, Networking, Leadership",
Sharepoint Developer,Develops applications on SharePoint platform using technologies like .NET and JavaScript. Responsibilities include customizing SharePoint sites and building web parts.,"SharePoint, .NET, C#, JavaScript, PowerShell, SharePoint Framework, REST APIs",
Software Developer,"Develops software applications based on specifications provided by stakeholders. Responsibilities include coding, testing, debugging, and collaborating on projects.","Programming, Algorithms, Data Structures, Debugging, Software Development, Python, Java, C++",
Software Engineer,"Designs, develops, and tests software applications to meet business needs. Requires strong problem-solving skills and knowledge of software development methodologies.","Java, C++, Python, Algorithms, Data Structures, Software Design, Git, Jenkins, CI/CD, Cloud Computing",
SonarQube Engineer,Manages SonarQube instance to measure/track code quality. Responsible for configuring quality profiles/gates while providing feedback to development teams.,"SonarQube, Code Quality, Static Code Analysis, Java, .NET, Security, CI/CD",
Splunk Engineer,"Implements Splunk solutions for log analysis, security monitoring, and operational intelligence. Responsible for creating dashboards/alerts and managing data ingestion.","Splunk, Data Analysis, Log Management, Security, Dashboards, Alerting, Scripting, Linux, AWS, Azure","Splunk Core Certified Power User, Splunk Enterprise Security Admin"
Splunk Enterprise Security Engineer,Manages Splunk Enterprise Security environment to detect/respond to security incidents. Requires expertise in threat detection techniques.,"Splunk Enterprise Security, Security Information and Event Management (SIEM), Threat Detection, Incident Response, Security Analysis",
SQL Developer,"Writes SQL code for database applications. Responsibilities include creating stored procedures, optimizing queries, and designing database schemas.","SQL, T-SQL, SQL Server, Database Design, Performance Tuning, ETL, SSRS, SSIS, Data Modeling",
SRE Architect,Designs Site Reliability Engineering strategies to improve system reliability while reducing operational overheads through automation.,"SRE, Cloud Architecture, Kubernetes, Docker, Monitoring, Incident Management, Automation, CI/CD, Networking",
SRE Engineer,"Implements Site Reliability Engineering practices by monitoring systems, responding to incidents, and automating operational tasks.","SRE, Monitoring, Kubernetes, Docker, Cloud Platforms, Linux, Automation, DevOps, CI/CD, Python",
SYSTEMS ADMINISTRATOR,"Manages computer systems within an organization. Responsibilities include configuring servers, troubleshooting issues, and ensuring system security.","Linux Administration, Windows Server Administration, Networking, Troubleshooting, Scripting, Virtualization",
SYSTEMS ENGINEER,"Designs and implements IT systems that meet business requirements. Responsibilities include system integration, testing, and deployment.","Systems Design, Linux Administration, Windows Server Administration, Networking, Cloud Computing",
TeamCity Engineer,Manages TeamCity CI/CD server by configuring build configurations/pipelines and integrating with source control systems.,"TeamCity, CI/CD, Build Automation, Version Control, Git",
Tech Sales Engineer,Supports sales efforts by providing technical expertise during presentations/demonstrations while answering questions about technical aspects.,"Technical Sales, Product Knowledge, Customer Engagement, Networking Technologies",
TECHNICAL ACCOUNT MANAGER,Manages relationships with technical customers while providing support/guidance on their technology needs. Acts as a liaison between customer/engineering teams.,"Account Management, Technical Support, Customer Relationship Management (CRM), Project Management",
TECHNICAL LEAD,Leads technical teams on projects by providing guidance/mentorship while driving technical direction/decisions within projects.,"Team Leadership, Project Management, Software Development Lifecycle (SDLC), Agile Methodologies",
Terraform Engineer,Writes Terraform scripts to automate infrastructure provisioning across cloud platforms. Requires expertise in Infrastructure as Code (IaC) practices.,"Terraform, Infrastructure as Code (IaC), AWS, Azure, Google Cloud",
TFS Engineer,Manages Team Foundation Server (TFS) to support software development processes. Responsibilities include configuring build pipelines and managing version control.,"TFS (Team Foundation Server), .NET Development Tools, .NET Framework",
Twistkock Engineer,No description available,,
UDeploy Engineer,Manages deployment processes using UrbanCode Deploy. Responsibilities include configuring deployment projects and automating release workflows.,"UDeploy (UrbanCode Deploy), CI/CD, Automation, Deployment Strategies, Version Control",
UI DESIGNER,Designs user interfaces that are visually appealing while intuitive to use. Responsibilities include creating mockups/prototypes and conducting user research.,"UI Design Principles, Wireframing, Prototyping, Adobe Creative Suite, Figma, User Testing",
UI Developer,"Develops user interfaces using HTML5, CSS3, JavaScript while focusing on responsive design principles. Collaborates with UI designers to implement designs.","HTML5, CSS3, JavaScript, jQuery, Responsive Design, AngularJS, ReactJS",
Unity Developer,Develops interactive content with Unity engine including 3D simulations while working with assets created by graphic designers,"Unity3D Engine, C#, Game Development Principles, 3D Modeling, Animation",
UX DESIGNER,Conducts user research studies to gather insights on user behavior. Create wireframes/mockups based on data collected from research initiatives,"User Experience Design Principles, User Research, Wireframing, Prototyping, Usability Testing, Interaction Design",
Vault Engineer,Implement secret management to the cloud application.,"HashiCorp Vault, Secrets Management, Encryption, Access Control, Cloud Security",
Web Designer (UI/UX Designer),"Create front end web application using HTML, Css, JS.","UI/UX Design, Wireframing, Prototyping, Adobe Creative Suite, Figma",
Web Developer,"Develops and maintains websites and web applications. Responsibilities include writing code, debugging, and ensuring optimal performance across different browsers and devices.","HTML5, CSS3, JavaScript, React, Node.js, AngularJS, PHP",
WordPress Developer,"Creates and customizes WordPress websites. Responsibilities include developing themes/plugins, managing content, and ensuring website functionality.","WordPress, PHP, MySQL, HTML5, CSS3, JavaScript",
XL Deploy Engineer,"Manages deployment processes using XL Deploy. Responsibilities include configuring deployment pipelines, automating releases, and ensuring application availability.","XL Deploy, Deployment Automation, CI/CD, Version Control","XL Deploy Certification, DevOps Institute Certifications"
Zabbix Engineer,"Implements Zabbix monitoring solutions to track system performance and availability. Responsible for configuring alerts, dashboards, and monitoring metrics.","Zabbix, Monitoring Tools, Alerting Systems, Network Monitoring","Zabbix Certified Specialist, Zabbix Certified Professional"
